premise,answer1,answer2,asks-for,response,gold
My body cast a shadow over the grass.,The sun was rising.,The grass was cut.,cause,1,1
Moje je tijelo bacalo sjenu na travu.,Sunce je izlazilo.,Trava je bila pokošena.,,,
The woman tolerated her friend's difficult behavior.,The woman knew her friend was going through a hard time.,The woman felt that her friend took advantage of her kindness.,cause,,1
Žena je tolerirala problematično ponašanje svojeg prijatelja.,Žena je znala da njezin prijatelj prolazi kroz teško razdoblje.,Žena je imala osjećaj da njezin prijatelj iskorištava njezinu dobrotu.,,,
The women met for coffee.,The cafe reopened in a new location.,They wanted to catch up with each other.,cause,,2
Žene su se našle na kavi.,Kafić se otvorio na novoj lokaciji.,Htjele su razgovarati jedna s drugom.,,,
The runner wore shorts.,The forecast predicted high temperatures.,She planned to run along the beach.,cause,,1
Trkačica je nosila kratke hlače.,Na prognozi su najavljene visoke temperature.,Planirala je trčati uz plažu.,,,
The guests of the party hid behind the couch.,It was a surprise party.,It was a birthday party.,cause,,1
Gosti na zabavi sakrili su se iza dvosjeda.,To je bila zabava iznenađenja.,To je bila rođendanska zabava.,,,
The politician lost the election.,He ran negative campaign ads.,No one voted for him.,cause,,2
Političar je izgubio izbore.,Puštao je negativne reklame u kampanji.,Nitko nije glasao za njega.,,,
The stain came out of the shirt.,I patched the shirt.,I bleached the shirt.,cause,,2
Mrlja je uklonjena s košulje.,Zakrpao sam košulju. ,Izbijelio sam košulju.,,,
The man got a discount on his groceries.,He greeted the cashier.,He used a coupon.,cause,,2
Muškarac je dobio popust na namirnice.,Pozdravio je blagajnika.,Iskoristio je kupon.,,,
The physician misdiagnosed the patient.,The patient filed a malpractice lawsuit against the physician.,The patient disclosed confidential information to the physician.,effect,,1
Liječnik je pacijentu postavio pogrešnu dijagnozu.,Pacijent je podnio tužbu za nesavjesno liječenje protiv liječnika.,Pacijent je liječniku otkrio povjerljive informacije.,,,
The customer filed a complaint with the store manager.,The sales associate undercharged the customer.,The sales associate acted rude to the customer.,cause,,2
Kupac je uložio žalbu direktoru prodavaonice.,Prodavač je premalo naplatio kupcu.,Prodavač se ponašao nepristojno prema kupcu.,,,
The woman repaired her faucet.,The faucet was leaky.,The faucet was turned off.,cause,,1
Žena je popravila svoju slavinu.,Slavina je curila.,Slavina je bila zatvorena.,,,
The elderly woman suffered a stroke.,The woman's daughter came over to clean her house.,The woman's daughter moved in to take care of her.,effect,,2
Starija žena doživjela je moždani udar.,Ženina kći došla joj je očistiti kuću.,Ženina kći uselila se da bi vodila brigu o njoj.,,,
The pond froze over for the winter.,People skated on the pond.,People brought boats to the pond.,effect,,1
Jezero se zamrznulo preko zime.,Ljudi su se klizali na jezeru.,Ljudi su donijeli čamce na jezero.,,,
The offender violated parole.,She was sent back to jail.,She stole money from a church.,effect,,1
Prijestupnica je prekršila odredbe uvjetnog otpusta.,Poslana je natrag u zatvor.,Ukrala je novac iz crkve.,,,
I poured water on my sleeping friend.,My friend awoke.,My friend snored.,effect,,1
Polio sam vodu po prijatelju koji je spavao.,Moj se prijatelj probudio.,Moj je prijatelj hrkao.,,,
The girl gasped.,Her friend stuck an ice cube down her back.,Her friend gave her a pat on the back.,cause,,1
Djevojka se zgranula.,Njezin joj je prijatelj stavio kocku leda na leđa.,Njezin ju je prijatelj potapšao po leđima.,,,
The shirt shrunk.,I poured bleach on it.,I put it in the dryer.,cause,,2
Košulja se stisnula.,Polio sam izbjeljivač po njoj.,Stavio sam je u sušilicu.,,,
It got dark outside.,Snowflakes began to fall from the sky.,The moon became visible in the sky.,effect,,2
Vani se smračilo.,Snježne pahulje počele su padati s neba.,Mjesec se mogao vidjeti na nebu.,,,
I hung up the phone.,The caller said goodbye to me.,The caller identified himself to me.,cause,,1
Poklopio sam telefon.,Pozivatelj mi je rekao doviđenja.,Pozivatelj mi se predstavio.,,,
The woman's ring slipped off in the shower.,The woman polished the ring.,The ring went down the drain.,effect,,2
Ženin je prsten skliznuo pod tušem.,Žena je ulaštila prsten.,Prsten je pao u odvod.,,,
The girl received a trophy.,She won a spelling bee.,She made a new friend.,cause,,1
Djevojka je dobila trofej.,Pobijedila je na natjecanju slovkanja.,Stekla je novog prijatelja.,,,
The woman's date wanted to look like a gentleman.,He opened the door for her.,He asked her if she liked sushi.,effect,,1
Ženin partner na spoju htio je ispasti džentlmen.,Otvorio joj je vrata.,Pitao ju je voli li suši.,,,
The farmland needed irrigation.,A canal was constructed.,A flood occurred.,effect,,1
Poljoprivredna površina trebala se navodnjavati.,Izgrađen je kanal.,Dogodila se poplava.,,,
The host cancelled the party.,She was certain she had the flu.,She worried she would catch the flu.,cause,,1
Domaćica je otkazala zabavu.,Bila je sigurna da ima gripu.,Brinula se da će dobiti gripu.,,,
The woman gave the man her phone number.,She was attracted to him.,She was repulsed by him.,cause,,1
Žena je dala muškarcu broj telefona.,Privlačio ju je.,Gadio joj se.,,,
The skydiver glided safely to the ground.,She opened her parachute.,She jumped out of the plane.,cause,,1
Padobranka je sigurno sletjela na zemlju.,Otvorila je padobran.,Skočila je iz zrakoplova.,,,
The toddler became cranky.,Her mother put her down for a nap.,Her mother fixed her hair into pigtails.,effect,,1
Beba je postala razdražljiva.,Njezina ju je majka stavila na spavanje.,Njezina joj je majka svezala kosu u pletenice.,,,
The child became immune to the disease.,He avoided exposure to the disease.,He received the vaccine for the disease.,cause,,2
Dijete je postalo imuno na bolest.,Izbjegavalo je izlaganje bolesti.,Primilo je cjepivo protiv bolesti.,,,
The grape juice fermented.,The juice turned to wine.,The juice evaporated.,effect,,1
Sok od grožđa je fermentirao.,Sok se pretvorio u vino.,Sok je ishlapio.,,,
The friends' debate dragged on interminably.,The friends saw eye to eye.,The friends were splitting hairs.,cause,,2
Rasprava među prijateljima beskonačno se vukla.,Prijatelji su se slagali.,Prijatelji su cjepidlačili.,,,
The woman hummed to herself.,She was nervous.,She was in a good mood.,cause,,2
Žena si je pjevušila.,Bila je nervozna.,Bila je dobre volje.,,,
The man hated his new haircut.,He wore a hat.,He grew a beard.,effect,,1
Muškarcu se nije sviđala njegova nova frizura.,Nosio je šešir.,Pustio je bradu.,,,
The police aimed their weapons at the fugitive.,The fugitive fell to the ground.,The fugitive dropped his gun.,effect,,2
Policija je uperila oružje prema bjeguncu.,Bjegunac je pao na zemlju.,Bjegunac je bacio pištolj.,,,
The patient was dehydrated.,The nurse tested his reflexes.,The nurse gave him an IV.,effect,,2
Pacijent je dehidrirao.,Medicinska sestra testirala je njegove reflekse.,Medicinska sestra dala mu je infuziju.,,,
The girl found the missing puzzle piece.,She completed the puzzle.,She took apart the puzzle.,effect,,1
Djevojka je pronašla dio slagalice koji je nedostajao.,Dovršila je slagalicu.,Rastavila je slagalicu.,,,
The man urgently leaped out of bed.,He wanted to shut off the alarm clock.,He wanted to iron his pants before work.,cause,,1
Muškarac je žurno skočio iz kreveta.,Htio je isključiti budilicu.,Htio je izglačati hlače prije posla.,,,
The papers were disorganized.,I made photocopies of them.,I put them into alphabetical order.,effect,,2
Papiri su bili neorganizirani.,Fotokopirao sam ih.,Složio sam ih abecednim redom.,,,
The woman won the lottery.,She bought a yacht.,She joined a church.,effect,,1
Žena je dobila na lutriji.,Kupila je jahtu.,Počela je ići u crkvu.,,,
The seamstress pushed the threaded needle into the fabric.,The thread wrapped around the needle.,The thread went through the fabric.,effect,,2
Krojačica je gurnula iglu s koncem u tkaninu.,Konac se omotao oko igle.,Konac je prošao kroz tkaninu.,,,
The woman hired a lawyer.,She decided to sue her employer.,She decided to run for office.,cause,,1
Žena je angažirala odvjetnika.,Odlučila je tužiti poslodavca.,Odlučila se kandidirati za politički položaj.,,,
The tenant misplaced his keys to his apartment.,His landlord unlocked the door.,His landlord repaired the door.,effect,,1
Stanar je zagubio ključeve svojeg stana.,Njegov je stanodavac otključao vrata.,Njegov je stanodavac popravio vrata.,,,
My favorite song came on the radio.,I covered my ears.,I sang along to it.,effect,,2
Moja omiljena pjesma zasvirala je na radiju.,Pokrio sam si uši.,Pjevao sam uz nju.,,,
The executive decided not to hire the applicant.,The applicant failed a background check.,The applicant had experience for the job.,cause,,1
Direktor je odlučio da neće zaposliti kandidata.,Kandidat nije prošao provjeru podobnosti.,Kandidat je imao iskustva u tom poslu.,,,
The man's eye became infected.,He went blind.,He put on glasses.,effect,,1
Muškarčevo se oko inficiralo.,Oslijepio je.,Stavio je naočale.,,,
The bird couldn't fly.,It migrated for the winter.,It injured its wing.,cause,,2
Ptica nije mogla letjeti.,Migrirala je preko zime.,Ozlijedila si je krilo.,,,
The girl made a wish.,She saw a black cat.,She saw a shooting star.,cause,,2
Djevojka je zaželjela želju.,Ugledala je crnu mačku.,Ugledala je zvijezdu padalicu.,,,
The woman shivered as she got out the pool.,She wrapped herself in a towel.,She poured herself some lemonade.,effect,,1
Žena je drhtala dok je izlazila iz bazena.,Omotala se ručnikom.,Natočila si je limunade.,,,
The nurse prepared the needle for the patient's injection.,The patient bled.,The patient tensed up.,effect,,2
Medicinska sestra pripremila je iglu za pacijentovu injekciju.,Pacijent je krvario.,Pacijent je postao napet.,,,
The man threw out the bread.,It was fresh.,It was stale.,cause,,2
Muškarac je bacio kruh.,Bio je svjež.,Bio je ustajao.,,,
The children knocked over a lamp.,They had a pillow fight.,They jumped on the bed.,cause,,1
Djeca su prevrnula svjetiljku.,Tukla su se jastucima.,Skakala su po krevetu.,,,
I drank from the water fountain.,I was thirsty.,I felt nauseous.,cause,,1
Pio sam iz fontane za vodu.,Bio sam žedan.,Bilo mi je mučno.,,,
The homeowners disliked their nosy neighbors.,They built a fence around their property.,They hosted a barbeque in their backyard.,effect,,1
Kućevlasnicima se nisu sviđali njihovi bučni susjedi.,Izgradili su ogradu oko svojeg posjeda.,Organizirali su roštilj u svojem stražnjem dvorištu.,,,
The bodybuilder lifted weights.,The gym closed.,Her muscles became fatigued.,effect,,2
Bodibilderica je dizala utege.,Teretana se zatvorila.,Mišići su joj se umorili.,,,
The cook stirred the ingredients in the bowl.,The ingredients melted.,The ingredients blended together.,effect,,2
Kuhar je miješao sastojke u zdjeli.,Sastojci su se rastopili.,Sastojci su se povezali.,,,
The man signed the document.,The transaction was voided.,The transaction became official.,effect,,2
Muškarac je potpisao dokument.,Transakcija je poništena.,Transakcija je postala službena.,,,
The police officer dropped the gun.,The gun recoiled.,The gun went off.,effect,,2
Policajac je bacio pištolj.,Pištolj je trznuo.,Pištolj je opalio.,,,
The woman felt compelled to help someone in need.,She donated blood.,She wrote a poem.,effect,,1
Žena je osjećala potrebu pomoći nekome u nevolji.,Donirala je krv.,Napisala je pjesmu.,,,
The woman felt lonely.,She renovated her kitchen.,She adopted a cat.,effect,,2
Žena se osjećala usamljeno.,Renovirala je svoju kuhinju.,Usvojila je mačku.,,,
I rubbed sandpaper on the wood.,The wood became smooth.,The wood became sticky.,effect,,1
Istrljao sam drvo brusnim papirom.,Drvo je postalo glatko.,Drvo je postalo ljepljivo.,,,
The crowd gave the band a standing ovation.,The band signed autographs.,The band reappeared on the stage.,effect,,2
Publika je ustala i zapljeskala bendu.,Bend je dao autograme.,Bend se ponovno pojavio na pozornici.,,,
The man threw his empty can onto the street.,He was jumped from behind.,He was fined for littering.,effect,,2
Muškarac je bacio praznu limenku na ulicu.,Netko ga je zaskočio s leđa.,Dobio je novčanu kaznu za onečišćivanje okoliša.,,,
My stomach growled.,I forgot to eat breakfast.,I was full from breakfast.,cause,,1
Trbuh mi je krulio.,Zaboravio sam pojesti doručak.,Bio sam sit od doručka.,,,
The boaters set off a flare.,Their boat drifted to shore.,Their boat was rescued.,effect,,2
Nautičari su upalili baklju.,Njihov je čamac doplovio na obalu.,Njihov je čamac spašen.,,,
The man removed his coat.,He entered the house.,He loosened his tie.,cause,,1
Muškarac je skinuo svoj kaput.,Ušao je u kuću.,Otpustio je kravatu.,,,
The family took their dog to the veterinarian.,The dog chewed on a bone.,The dog injured his paw.,cause,,2
Obitelj je odvela svojeg psa veterinaru.,Pas je žvakao kost.,Pas si je ozlijedio šapu.,,,
The woman dangled the biscuit above the dog.,The dog jumped up.,The dog scratched its fur.,effect,,1
Žena je mahala keksom iznad psa.,Pas je skočio u zrak.,Pas si je počešao krzno.,,,
I learned how to play the board game.,My friend explained the rules to me.,My friend got the rules wrong.,cause,,1
Naučio sam igrati društvenu igru.,Moj mi je prijatelj objasnio pravila.,Moj je prijatelj pogrešno shvatio pravila.,,,
The man went away for the weekend.,He wanted to relax.,He felt content.,cause,,1
Muškarac je otišao nekamo preko vikenda.,Htio se opustiti.,Osjećao se zadovoljno.,,,
The shop was closed.,The owner was helping customers.,The shop was undergoing renovation.,cause,,2
Trgovina je zatvorena.,Vlasnik je pomagao kupcima.,Trgovina se preuređivala.,,,
The boy tuned the radio.,The station was playing rock music.,The station was coming in with static.,cause,,2
Dječak je podesio radioprijemnik.,Na postaji je svirala rock glazba.,Postaja se čula sa šumom.,,,
The terrorist set off the bomb.,The bomb exploded.,The bomb was deactivated.,effect,,1
Terorist je aktivirao bombu.,Bomba je eksplodirala.,Bomba je deaktivirana.,,,
The police handcuffed the suspect.,The police called for backup.,The suspect resisted arrest.,cause,,2
Policija je stavila lisičine osumnjičeniku.,Policija je pozvala pojačanje.,Osumnjičenik se opirao uhićenju.,,,
The authorities vowed to protect the identity of the crime victim.,The victim struggled to recall details about the crime.,They withheld the victim's name from the public.,effect,,2
Policija je obećala da će zaštititi identitet žrtve zločina.,Žrtvi se bilo teško prisjetiti pojedinosti o zločinu.,Nije otkrila žrtvino ime javnosti.,,,
The man's clothes fit loosely.,He bought them on sale.,He lost weight.,cause,,2
Muškarcu je odjeća bila široka.,Kupio ju je na rasprodaji.,Smršavio je.,,,
The clock stopped ticking.,I took extra time to get ready.,The clock showed the wrong time.,effect,,2
Sat je prestao otkucavati.,Trebalo je više vremena da se spremimo.,Sat je pokazivao pogrešno vrijeme.,,,
The man closed the umbrella.,He got out of the car.,He approached the building.,cause,,2
Muškarac je zatvorio kišobran.,Izašao je iz automobila.,Došao je do zgrade.,,,
The man craved a cigarette.,His family urged him to quit smoking.,He was addicted to nicotine.,cause,,2
Muškarac je žudio za cigaretom.,Njegova ga je obitelj nagovarala da prestane pušiti.,Bio je ovisan o nikotinu.,,,
The man dropped food on the floor.,His dog jumped up on him.,His dog ran over to eat the food.,effect,,2
Muškarcu je ispala hrana na pod.,Njegov je pas skočio na njega.,Njegov je pas dotrčao da pojede hranu.,,,
The girl was angry with her friend.,The girl spread a rumor about her friend.,The girl told a secret to her friend.,effect,,1
Djevojka se ljutila na prijateljicu.,Djevojka je proširila glasinu o prijateljici.,Djevojka je odala tajnu prijateljici.,,,
The fugitive hid from the police.,The police dropped the case.,The fugitive remained at large.,effect,,2
Bjegunac se skrivao od policije.,Policija je odustala od slučaja.,Bjegunac je ostao na slobodi.,,,
I tipped the bottle.,The liquid in the bottle froze.,The liquid in the bottle poured out.,effect,,2
Prevrnuo sam bocu.,Tekućina u boci se smrznula.,Tekućina u boci se izlila.,,,
The woman spoke with a foreign accent.,She came from a wealthy family.,She migrated from another country.,cause,,2
Žena je govorila stranim naglaskom.,Bila je iz bogate obitelji.,Doselila se iz druge države.,,,
The boy's mouth stung.,He ate a pepper.,He blew out the candle.,cause,,1
Dječaka su pekla usta.,Pojeo je feferon.,Ugasio je svijeću.,,,
I finished a page of the book.,I ripped out the next page.,I turned to the next page.,effect,,2
Pročitao sam stranicu knjige.,Istrgnuo sam sljedeću stranicu.,Okrenuo sam na sljedeću stranicu.,,,
The service at the restaurant was slow.,There were many empty tables.,The restaurant was crowded.,cause,,2
Posluživanje u restoranu bilo je sporo.,Bilo je mnogo praznih stolova.,Restoran je bio pretrpan.,,,
I saw a woman getting robbed on the street.,I called 911.,I hailed a cab.,effect,,1
Vidio sam kako netko pljačka ženu na ulici.,Nazvao sam policiju.,Pozvao sam taksi.,,,
My stomach hurt.,I jogged on the treadmill.,I ate birthday cake.,cause,,2
Bolio me trbuh.,Džogirao sam na traci za trčanje.,Jeo sam rođendansku tortu.,,,
I put my plate in the sink.,I finished eating.,I skipped dinner.,cause,,1
Stavio sam tanjur u sudoper.,Bio sam gotov s jelom.,Preskočio sam večeru.,,,
The man closed the book.,He finished reading it.,It provoked him to think.,cause,,1
Muškarac je zatvorio knjigu.,Upravo ju je pročitao.,Navela ga je na razmišljanje.,,,
The boy read the novel aloud to his grandfather.,His grandfather was deaf.,His grandfather was blind.,cause,,2
Dječak je čitao roman naglas svojem djedu.,Njegov je djed bio gluh.,Njegov je djed bio slijep.,,,
My foot went numb.,I put my shoes on.,I shook my foot.,effect,,2
Noga mi je utrnula.,Obuo sam cipele.,Protresao sam nogu.,,,
The photographer got the child to smile.,The photographer quickly snapped the child's photo.,The photographer quickly changed the child's pose.,effect,,1
Fotograf je naveo dijete da se nasmije.,Fotograf je brzo uslikao dijete.,Fotograf je brzo promijenio djetetovu pozu.,,,
The window was opaque.,The glass was stained.,The blinds were open.,cause,,1
Prozor je bio mutan.,Staklo je bilo prljavo.,Rolete su bile podignute.,,,
I slipped on the floor.,The tile was wet.,The tile was cracked.,cause,,1
Poskliznuo sam se na podu.,Pločica je bila mokra.,Pločica je bila napuknuta.,,,
The man slid the razor across his chin.,His stubble grew.,His stubble disappeared.,effect,,2
Muškarac je prošao britvom preko svoje brade.,Dlačice su mu je narasle.,Dlačice su mu nestale.,,,
The woman took her family on vacation.,Her husband got laid off.,She received a salary bonus.,cause,,2
Žena je povela svoju obitelj na odmor.,Njezin je muž dobio otkaz.,Dobila je dodatak na plaću.,,,
The woman awakened.,She took sleeping pills.,Her husband was snoring.,cause,,2
Žena se probudila.,Popila je tablete za spavanje.,Njezin je muž hrkao.,,,
The woman sensed a pleasant smell.,She remembered to take her medication.,She was reminded of her childhood.,effect,,2
Žena je osjetila ugodan miris.,Sjetila se popiti lijek.,Podsjetio ju je na njezino djetinjstvo.,,,
The bar closed.,It was crowded.,It was 3 AM.,cause,,2
Kafić se zatvorio.,Bio je pretrpan.,Bilo je 3 ujutro.,,,
The driver got pulled over by the police.,He was parking.,He was speeding.,cause,,2
Vozača je zaustavila policija.,Parkirao se.,Vozio je prebrzo.,,,
The teacher took roll.,She identified the students that were absent.,She gave her students a pop quiz.,effect,,1
Nastavnica je prozivala.,Odredila je koji su učenici odsutni.,Dala je svojim učenicima kontrolni.,,,
I pushed the pendulum.,It slowed to a stop.,It swung back and forth.,effect,,2
Gurnuo sam klatno.,Usporilo se i stalo.,Zanjihalo se naprijed-nazad.,,,
The child kicked the stack of blocks.,The stack towered over the boy's head.,The blocks scattered all over the rug.,effect,,2
Dječak je nogom udario toranj kockica.,Toranj se pružao iznad dječakove glave.,Kockice su se rasule po cijelom tepihu.,,,
The teenager ran away from home.,He relied on his parents.,His parents abused him.,cause,,2
Tinejdžer je pobjegao od kuće.,Oslanjao se na svoje roditelje.,Njegovi su ga roditelji zlostavljali.,,,
I botched the job interview.,The interviewer asked difficult questions.,I anticipated the interviewer's questions.,cause,,1
Uprskao sam razgovor za posao.,Voditelj razgovora postavljao je teška pitanja.,Predvidio sam pitanja voditelja razgovora.,,,
The pharmaceutical company recalled the drug.,Users reported dangerous side effects.,Users got refills on their prescriptions.,cause,,1
Farmaceutska tvrtka povukla je lijek.,Korisnici su prijavili opasne nuspojave.,Korisnici su dobili nove recepte.,,,
The man looked at his watch.,He realized he forgot something.,He realized he was early.,effect,,2
Muškarac je pogledao na sat.,Shvatio je da je nešto zaboravio.,Shvatio je da je uranio.,,,
I dabbed the floor with a paper towel.,I spilled juice on the floor.,The floor was permanently stained.,cause,,1
Obrisao sam pod papirnatim ručnikom.,Prolio sam sok po podu.,Pod je bio trajno umrljan.,,,
The bartender refused to serve the patron.,The patron was alone.,The patron was drunk.,cause,,2
Konobar nije htio poslužiti gosta.,Gost je bio sam.,Gost je bio pijan.,,,
I was confused by the professor's lecture.,I paid attention to the professor.,I asked the professor questions.,effect,,2
Zbunilo me profesorovo predavanje.,Obratio sam pozornost na profesora.,Postavio sam pitanja profesoru.,,,
The book was deemed inappropriate for children.,Schools banned it from its libraries.,Teachers required students to read it.,effect,,1
Knjigu se smatralo neprikladnom za djecu.,Škole su je zabranile u svojim knjižnicama.,Učitelji su tražili da je učenici pročitaju.,,,
The man begged for forgiveness.,The woman took pity on him.,The woman joked around with him.,effect,,1
Muškarac je molio za oprost.,Žena se sažalila nad njim.,Žena se zezala s njim.,,,
I received a package in the mail.,The package triggered my curiosity.,I took the package to the post office.,effect,,1
Primio sam paket poštom.,Paket je probudio moju znatiželju.,Odnio sam paket u poštanski ured.,,,
The surfer caught the wave.,The wave carried her to the shore.,She paddled her board into the ocean.,effect,,1
Surferica je uhvatila val.,Val ju je odnio do obale.,Odveslala je s daskom u ocean.,,,
The speaker disarmed her debate opponent.,The speaker congratulated her opponent.,The speaker won the debate.,effect,,2
Govornica je razoružala svojeg protivnika u debati.,Govornica je čestitala svojem protivniku.,Govornica je pobijedila u debati.,,,
I moved to a new city.,I found a better-paying job.,My son was born.,cause,,1
Preselio sam se u novi grad.,Našao sam posao s boljom plaćom.,Rodio mi se sin.,,,
I avoided giving a straight answer to the question.,The question made me uncomfortable.,I wanted to be honest.,cause,,1
Izbjegavao sam izravan odgovor na pitanje.,Pitanje mi je izazvalo neugodu.,Htio sam biti iskren.,,,
The student received detention.,He talked back to the teacher.,The teacher graded his homework.,cause,,1
Učenik je dobio kaznu.,Bio je drzak prema učitelju.,Učitelj je ocijenio njegovu domaću zadaću.,,,
The boy's hands were shaking.,He planned to ask the girl out.,His palms were cold and sweaty.,cause,,1
Dječaku su se tresle ruke.,Planirao je pozvati djevojku van.,Dlanovi su mu bili hladni i znojni.,,,
The fans in the stadium cheered.,The game ended in a tie.,The player scored.,cause,,2
Obožavatelji na stadionu su klicali.,Utakmica je završila neriješeno.,Igrač je postigao zgoditak.,,,
The girl went down the hill on her bike.,Her bike swerved.,Her bike sped up.,effect,,2
Djevojka je išla nizbrdo na biciklu.,Bicikl joj je krivudao.,Bicikl joj je ubrzao.,,,
A man cut in front of me in the long line.,I confronted him.,I smiled at him.,effect,,1
Muškarac se ubacio ispred mene u dugom redu.,Suprotstavio sam mu se.,Nasmiješio sam mu se.,,,
The inside of the train went dark.,The train travelled through a tunnel.,The train ran off the tracks.,cause,,1
Unutrašnjost vlaka se zamračila.,Vlak je prolazio kroz tunel.,Vlak je izletio s tračnica.,,,
The man contemplated the painting.,He felt in awe.,He collapsed.,effect,,1
Muškarac je razmišljao o slici.,Osjećao je divljenje.,Srušio se.,,,
The turtle hid in its shell.,It ate a fish.,It detected a predator.,cause,,2
Kornjača se sakrila u svoj oklop.,Pojela je ribu.,Primijetila je grabežljivca.,,,
The girl handed down her clothes to her younger sister.,The clothes were tattered.,She outgrew the clothes.,cause,,2
Djevojka je dala svoju odjeću svojoj mlađoj sestri.,Odjeća je bila poderana.,Prerasla je tu odjeću.,,,
Several witnesses of the crime testified against the suspect.,The suspect was acquitted.,The suspect was convicted.,effect,,2
Nekoliko svjedoka zločina svjedočilo je protiv osumnjičenika.,Osumnjičenik je oslobođen krivnje.,Osumnjičenik je osuđen.,,,
The parents left their children with a babysitter.,Their youngest child started attending preschool.,They made plans to celebrate their anniversary.,cause,,2
Roditelji su ostavili svoju djecu s dadiljom.,Najmlađe dijete krenulo je u vrtić.,Organizirali su proslavu godišnjice braka.,,,
The trip took a long time.,The driver talked the whole way.,The driver made a wrong turn.,cause,,2
Putovanje je dugo trajalo.,Vozač je govorio cijelim putem.,Vozač je pogrešno skrenuo.,,,
The product was heavily advertised.,Consumers recognized the product.,The product became outdated.,effect,,1
Proizvod se intenzivno oglašavao.,Kupci su primijetili proizvod.,Proizvod je zastario.,,,
I rubbed the soap between my hands.,The soap foamed.,My hands went numb.,effect,,1
Utrljao sam sapun između svojih dlanova.,Sapun se zapjenio.,Dlanovi su mi utrnuli.,,,
The cowgirl threw her lasso towards the horse.,The lasso grabbed onto the horse.,The horse trotted into the barn.,effect,,1
Kaubojka je bacila svoj laso prema konju.,Laso se uhvatio za konja.,Konj je otkasao u staju.,,,
The group overlooked the woman's faux pas.,The woman was relieved.,The woman apologized.,effect,,1
Skupina je zanemarila ženinu pogrešku.,Žena je odahnula.,Žena se ispričala.,,,
The girl came across an unfamiliar word in her textbook.,She looked the term up in the dictionary.,She chucked the textbook across the room.,effect,,1
Djevojka je naišla na nepoznatu riječ u udžbeniku.,Potražila je pojam u rječniku.,Šiknula je udžbenik na drugu stranu sobe.,,,
The man became disabled.,His family offered him financial support.,His family cut off contact with him.,effect,,1
Muškarac je ostao invalid.,Njegova mu je obitelj ponudila novčanu podršku.,Njegova je obitelj prekinula kontakt s njim.,,,
The flashlight was dead.,I took it apart.,I replaced the batteries.,effect,,2
Ručna svjetiljka prestala je raditi.,Rastavio sam je.,Zamijenio sam baterije.,,,
The skunk sprayed the dog.,The dog emitted a foul smell.,The skunk roamed the woods.,effect,,1
Tvor je pošpricao psa.,Sa psa se širio neugodan miris.,Tvor je tumarao šumom.,,,
I scratched my skin.,My itch went away.,My scar faded.,effect,,1
Počešao sam si kožu.,Prestalo me svrbjeti.,Moj je ožiljak nestao.,,,
I wrote a thank-you note to my grandmother.,She became forgetful.,She sent me a gift.,cause,,2
Napisao sam zahvalnicu svojoj baki.,Počela je zaboravljati.,Poslala mi je poklon.,,,
A burglar broke into the house.,The homeowners were asleep.,The security alarm went off.,effect,,2
Provalnik je provalio u kuću.,Vlasnici kuće su spavali.,Uključio se sigurnosni alarm.,,,
I held the door for the woman entering behind me.,The door slammed shut.,The woman thanked me.,effect,,2
Pridržao sam vrata ženi koje je ulazila nakon mene.,Vrata su se zalupila.,Žena mi je zahvalila.,,,
The mirror in the bathroom fogged up.,The girl turned on the fan.,The girl applied her makeup.,effect,,1
Zrcalo u kupaonici se zamaglilo.,Djevojka je uključila ventilator.,Djevojka se našminkala.,,,
The security guard tackled the man.,The man reached into his pocket.,The man displayed a weapon.,cause,,2
Zaštitar je srušio muškarca.,Muškarac je posegnuo u svoj džep.,Muškarac je pokazao oružje.,,,
The driver rotated the steering wheel.,The car halted.,The car turned.,effect,,2
Vozač je okretao volan.,Automobil je stao.,Automobil je skrenuo.,,,
The army surrendered the battle.,They were outnumbered.,They stormed the city.,cause,,1
Vojska je predala bitku.,Bila je brojčano nadjačana.,Upala je u grad.,,,
The navy bombed the ship.,The ship crashed into the pier.,The ship's debris sunk in the sea.,effect,,2
Mornarica je bombardirala brod.,Brod se zabio u lukobran.,Ostaci broda potonuli su u more.,,,
I ironed my shirt.,It was clean.,It was wrinkled.,cause,,2
Izglačao sam svoju košulju.,Bila je čista.,Bila je izgužvana.,,,
The girl felt dizzy.,She lost her balance.,She did stretches.,effect,,1
Djevojci se vrtjelo u glavi.,Izgubila je ravnotežu.,Napravila je vježbe istezanja.,,,
The driver pulled over to the side of the road.,He went through an intersection.,He noticed a stranded vehicle.,cause,,2
Vozač se zaustavio uz cestu.,Prošao je kroz raskrižje.,Primijetio je napušteno vozilo.,,,
The hospital sent the patient home.,The patient's symptoms cleared up.,The patient's family visited him.,cause,,1
Bolnica je poslala pacijenta kući.,Pacijentovi su simptomi prošli.,Pacijentova obitelj posjetila ga je.,,,
The child caught a life-threatening illness.,She didn't get vaccinated.,She was adopted.,cause,,1
Dijete se zarazilo bolešću opasnom po život.,Nije se cijepilo.,Bilo je posvojeno.,,,
We found empty seats in the theatre.,The film began.,We sat down.,effect,,2
Pronašli smo prazna sjedala u kinu.,Film je počeo.,Sjeli smo.,,,
The parents recognized their daughter's creativity.,They taught her how to ride a bike.,They encouraged her to become an artist.,effect,,2
Roditelji su prepoznali kreativnost svoje kćeri.,Naučili su je voziti bicikl.,Poticali su je da postane umjetnica.,,,
The boy turned the lid on the jar.,The jar became warm.,The lid came off.,effect,,2
Dječak je okrenuo poklopac na staklenki.,Staklenka je postala topla.,Poklopac se otvorio.,,,
The woman received a diploma.,She enrolled in college.,She graduated from college.,cause,,2
Žena je dobila diplomu.,Upisala se na fakultet.,Diplomirala je na fakultetu.,,,
I chugged the pitcher of water.,I walked upstairs.,I ran five miles.,cause,,2
Iskapio sam vrč vode.,Hodao sam na kat.,Istrčao sam osam kilometara.,,,
I came upon a puddle on the sidewalk.,I leapt over the puddle.,I played in the puddle.,effect,,1
Naišao sam na lokvu na pločniku.,Preskočio sam lokvu.,Igrao sam se u lokvi.,,,
The woman covered her ears.,The fire alarm blared.,The woman smelled smoke.,cause,,1
Žena si je pokrila uši.,Protupožarni je alarm treštao.,Žena je namirisala dim.,,,
The archeologist dug up the site.,She excavated ancient artifacts.,She read about the site's history.,effect,,1
Arheologinja je iskopala nalazište.,Otkrila je drevne artefakte.,Čitala je o povijesti nalazišta.,,,
The audience booed the comedian off the stage.,He told a racist joke.,He entertained the audience.,cause,,1
Publika je izviždala komičara i otjerala ga s pozornice.,Ispričao je rasističku šalu.,Zabavio je publiku.,,,
The coach gave his player a high five.,The player got a penalty.,The player scored a point.,cause,,2
Trener je dao pet svojem igraču.,Igrač je dobio kaznu.,Igrač je osvojio bod.,,,
I tossed the ball upwards.,The ball rolled across the ground.,The ball hit the ceiling.,effect,,2
Bacio sam loptu prema gore.,Lopta se otkotrljala po zemlji.,Lopta je pogodila strop.,,,
My breath smelled of garlic.,I wiped my mouth.,I brushed my teeth.,effect,,2
Dah mi je mirisao na češnjak.,Obrisao sam usta.,Oprao sam zube.,,,
The man was lost.,He asked for directions.,He drew a map.,effect,,1
Muškarac se izgubio.,Pitao je za smjer.,Nacrtao je kartu.,,,
The baby pulled the mother's hair.,The baby burped.,The mother grimaced.,effect,,2
Beba je povukla majku za kosu.,Beba je podrignula.,Majka je napravila grimasu.,,,
I stood on one foot.,My balance wavered.,I kneeled down.,effect,,1
Stajao sam na jednoj nozi.,Gubio sam ravnotežu.,Kleknuo sam.,,,
I pushed the gas pedal.,The car accelerated.,The car door opened.,effect,,1
Stisnuo sam papučicu gasa.,Automobil je ubrzao.,Automobilska su se vrata otvorila.,,,
My car was towed.,I parked illegally.,I jumped the battery.,cause,,1
Odvukli su mi automobil.,Nepropisno sam se parkirao.,Pokrenuo sam akumulator.,,,
The woman got away with the crime.,Her accomplice was apprehended.,She destroyed the evidence.,cause,,2
Žena je prošla nekažnjeno za zločin.,Njezin je suučesnik uhićen.,Uništila je dokaze.,,,
The dust came off the desk.,I wiped the desk with a cloth.,I removed the books from the desk.,cause,,1
Prašina je uklonjena sa stola.,Obrisao sam stol krpom.,Maknuo sam knjige sa stola.,,,
The motorcyclist twisted the throttle.,The motorcycle coasted to a halt.,The motorcycle shot forward.,effect,,2
Motociklist je zakrenuo ručicu.,Motocikl je usporio i stao.,Motocikl je odjurio naprijed.,,,
The teacher caught the student chewing gum.,The gum stuck to the student's shoe.,The student spit out the gum.,effect,,2
Učitelj je uhvatio učenika kako žvače žvakaću gumu.,Žvakaća se guma zalijepila za učenikovu cipelu.,Učenik je ispljunuo žvakaću gumu.,,,
The host served dinner to his guests.,His guests were gracious.,His guests went hungry.,effect,,1
Domaćin je poslužio večeru gostima.,Njegovi su gosti bili zahvalni.,Njegovi su gosti otišli gladni.,,,
The boy climbed the tree.,A cat got stuck in the tree.,A bird built a nest in the tree.,cause,,1
Dječak se penjao na stablo.,Mačka je zapela na stablu.,Ptica je izgradila gnijezdo na stablu.,,,
The chair squeaked.,The man carried the chair to his office.,The man scooted the chair closer to his desk.,cause,,2
Stolac je škripao.,Muškarac je odnio stolac u svoj ured.,Muškarac je primaknuo stolac bliže svojem stolu.,,,
The father shut off the children's television.,It was bedtime for the children.,The children were watching cartoons.,cause,,1
Otac je isključio djeci televizor.,Djeci je bilo vrijeme za spavanje.,Djeca su gledala crtiće.,,,
The man held his breath.,He went underwater.,He treaded water.,cause,,1
Muškarac je zadržao dah.,Išao je pod vodu.,Gazio je po vodi.,,,
I clumsily bumped into the stranger.,I ran away.,I apologized to him.,effect,,2
Nespretno sam se sudario sa strancem.,Pobjegao sam.,Ispričao sam mu se.,,,
The boat capsized.,The captain raised the sail.,It was caught in a hurricane.,cause,,2
Čamac se prevrnuo.,Kapetan je podigao jedro.,Zahvatio ga je uragan.,,,
The mother suspected that her son was lying.,He refused to talk to her.,He avoided making eye contact with her.,cause,,2
Majka je sumnjala da njezin sin laže.,Nije htio razgovarati s njom.,Izbjegavao je njezin pogled.,,,
The young woman was denied entrance into the bar.,Her friends stood her up.,She forgot her ID.,cause,,2
Mladoj je ženi zabranjen ulaz u kafić.,Njezini su je prijatelji ostavili na cjedilu.,Zaboravila je svoju osobnu.,,,
A crater formed on the moon.,A comet passed by the moon.,A comet collided with the moon.,cause,,2
Krater se stvorio na mjesecu.,Komet je prošao uz mjesec.,Komet se sudario s mjesecom.,,,
I planted the seeds in the soil.,I watered the soil.,The seeds sprouted.,effect,,2
Posadio sam sjeme u zemlju.,Zalio sam zemlju.,Sjeme je niklo.,,,
The benefactor requested to stay anonymous.,He wanted to maintain his privacy.,He supported the cause behind his donation.,cause,,1
Dobročinitelj je tražio da ostane anoniman.,Htio je sačuvati svoju privatnost.,Podržavao je cilj za koji je donirao.,,,
The woman felt ashamed of scar on her face.,She explained the scar to strangers.,She hid the scar with makeup.,effect,,2
Žena se sramila ožiljka na svojem licu.,Objasnila je ožiljak strancima.,Sakrila je ožiljak šminkom.,,,
The doctor x-rayed the patient's arm.,He discovered that the patient's arm was broken.,He put the patient's arm in a cast.,effect,,1
Liječnik je obavio rendgensko snimanje pacijentove ruke.,Otkrio je da je pacijentova ruka slomljena.,Stavio je pacijentovu ruku u gips.,,,
The boy filled the bucket with sand.,He was collecting seashells in the sand.,He was building a sand castle.,cause,,2
Dječak je napunio kantu pijeskom.,Skupljao je školjke u pijesku.,Gradio je kulu od pijeska.,,,
The woman upgraded her computer hardware.,She deleted old files on the computer.,She installed new software on the computer.,effect,,2
Žena je ažurirala hardver svojeg računala.,Izbrisala je stare datoteke s računala.,Instalirala je novi softver na računalo.,,,
The girl performed in a dance recital.,Her parents showed her how to dance.,Her parents came to watch the recital.,effect,,2
Djevojčica je nastupala u plesnoj priredbi.,Njezini su joj roditelji pokazali kako se pleše.,Njezini su roditelji došli gledati priredbu.,,,
The baby was wailing in his crib.,The mother picked up the baby.,The baby crawled to the mother.,effect,,1
Beba je vrištala u kolijevci.,Majka je podigla bebu.,Beba je otpuzala do majke.,,,
The woman had a religious awakening.,She began going to church.,She began travelling abroad.,effect,,1
Žena je doživjela vjersko buđenje.,Počela je ići u crkvu.,Počela je putovati po inozemstvu.,,,
The bureau drawers were cluttered.,I threw away unnecessary contents.,I locked the drawers shut.,effect,,1
Uredske ladice bile su pretrpane.,Bacio sam nepotrebne stvari.,Zaključao sam ladice.,,,
The student flaunted his test grade to his classmates.,He received a perfect score.,He feigned interest in the class.,cause,,1
Učenik se hvalisao kolegama iz razreda svojom ocjenom iz testa.,Dobio je sve bodove.,Glumio je da ga taj predmet zanima.,,,
The boy felt homesick.,He went away to camp.,He bickered with his sister.,cause,,1
Dječak se osjećao nostalgično.,Otišao je u kamp.,Prepirao se sa svojom sestrom.,,,
The rocket flew up into the sky.,The girl launched it.,The girl designed it.,cause,,1
Raketa je odletjela u nebo.,Djevojka ju je lansirala.,Djevojka ju je projektirala.,,,
The boy murmured his reply to his mother.,His mother told him to whisper.,His mother told him to speak up.,effect,,2
Dječak je promumljao odgovor svojoj majci.,Njegova mu je majka rekla neka šapće.,Njegova mu je majka rekla da govori glasnije.,,,
My flight got delayed.,Tornadoes were sighted in the area.,I was held up at airport security.,cause,,1
Moj je let odgođen.,Tornadi su viđeni na tom području.,Zadržan sam na osiguranju u zračnoj luci.,,,
The smoke alarm went off.,I lit a candle.,I burnt my dinner.,cause,,2
Aktivirao se detektor dima.,Upalio sam svijeću.,Zagorjela mi je večera.,,,
The vase broke.,I stenciled it.,I glued it back together.,effect,,2
Vaza se razbila.,Oslikao sam je.,Zalijepio sam je.,,,
The woman felt an electric shock.,She grabbed the doorknob.,She pounded on the door.,cause,,1
Žena je osjetila električni šok.,Primila je kvaku.,Lupala je po vratima.,,,
The man had lipstick on his cheek.,The woman kissed him.,The woman made him blush.,cause,,1
Muškarac je imao ruž na obrazu.,Žena ga je poljubila. ,Zbog žene je pocrvenio.,,,
I jumped instinctively in fright.,I sensed someone approaching me from behind.,I heard people chuckling in the adjacent room.,cause,,1
Instinktivno sam skočio od straha.,Osjetio sam da mi se netko približava sleđa.,Čuo sam kako se ljudi hihoću u susjednoj sobi.,,,
The gardener wanted his plants to flourish.,He planted a variety of seeds.,He put fertilizer in the soil.,effect,,2
Vrtlar je htio da njegove biljke uspiju.,Posadio je razno sjeme.,Stavio je gnojivo u zemlju.,,,
A water pipe in the house burst.,The water was unsanitary.,The pipe froze.,cause,,2
Vodovodna cijev u kući je pukla.,Voda je bila nehigijenska.,Cijev se zaledila.,,,
The waistband on my pants was loose.,I put on a belt.,I put on a hat.,effect,,1
Guma na pojasu mojih hlača bila je labava.,Stavio sam remen.,Stavio sam šešir.,,,
The company lost money.,Its products received positive consumer reviews.,Some of its products were manufactured defectively.,cause,,2
Tvrtka je izgubila novac.,Njezini su proizvodi dobili pozitivne recenzije kupaca.,Neki od njezinih proizvoda proizvedeni su s greškom.,,,
The tenants were evicted from the apartment.,They neglected to pay their rent.,They got along with their landlord.,cause,,1
Stanari su izbačeni iz stana.,Nisu plaćali stanarinu.,Dobro su se slagali sa stanodavcem.,,,
The man woke up with a toothache.,He missed an appointment with the dentist.,He made an appointment with the dentist.,effect,,2
Muškarac se probudio sa zuboboljom.,Propustio je termin kod zubara.,Zakazao je termin kod zubara.,,,
The team lost the game.,Their best player was injured.,Their coach pumped them up.,cause,,1
Ekipa je izgubila utakmicu.,Njihov je najbolji igrač bio ozlijeđen.,Njihov ih je trener motivirao.,,,
The parents forbade their children from watching the movie.,The movie was rated R.,The movie was animated.,cause,,1
Roditelji su zabranili svojoj djeci da gledaju film.,Film nije bio za mlađe od 18 godina.,Film je bio animiran.,,,
The woman deleted the email.,The sender tried to solicit money from her.,The sender requested a response from her.,cause,,1
Žena je izbrisala poruku e-pošte.,Pošiljatelj je pokušao izvući njezin novac.,Pošiljatelj je tražio njezin odgovor.,,,
The police eliminated the woman from the list of suspects.,The police interrogated her.,Her alibi checked out.,cause,,2
Policija je maknula ženu s popisa osumnjičenika.,Policija ju je ispitala.,Njezin je alibi potvrđen.,,,
The climbers reached the peak of the mountain.,They encountered an avalanche.,They congratulated each other.,effect,,2
Penjači su došli do vrha planine.,Naišli su na lavinu.,Čestitali su si međusobno.,,,
The vandals threw a rock at the window.,The window cracked.,The window fogged up.,effect,,1
Vandali su bacili kamen u prozor.,Prozor je napukao.,Prozor se zamaglio.,,,
The fortune teller's revelations were convincing.,She received many returning customers.,Many customers asked for refunds.,effect,,1
Predviđanja gatare bila su uvjerljiva.,Mnoge su joj se mušterije vraćale.,Mnogo je mušterija tražilo povrat novca.,,,
The woman's makeup smeared.,She brushed her hair.,She wiped her eyes.,cause,,2
Ženi se razmazala šminka.,Počešljala si je kosu.,Obrisala si je oči.,,,
The company's profits started to level off.,It increased its marketing efforts for new products.,It moved its headquarters to a suburban location.,effect,,1
Profit tvrtke počeo se stabilizirati.,Pojačala je ulaganje u marketing novih proizvoda.,Preselila je svoje sjedište na lokaciju u predgrađu.,,,
The student's answer on the exam was incorrect.,The teacher added bonus points to the student's grade.,The teacher subtracted points off the student's grade.,effect,,2
Učenikov odgovor na ispitu bio je netočan.,Učitelj je dao dodatne bodove učenikovoj ocjeni.,Učitelj je oduzeo bodove od učenikove ocjene.,,,
The girl wanted to demonstrate proper etiquette.,She threw away her napkin after eating.,She put her napkin on her lap before eating.,effect,,2
Djevojka se htjela ponašati po bontonu.,Bacila je salvetu nakon jela.,Stavila je salvetu u krilo prije jela.,,,
The detective flashed his badge to the police officer.,The police officer confiscated the detective's badge.,The police officer let the detective enter the crime scene.,effect,,2
Istražitelj je pokazao svoju značku policijskom službeniku.,Policijski službenik zaplijenio je istražiteljevu značku.,Policijski službenik dopustio je istražitelju da uđe na mjesto zločina.,,,
The girl wanted to make her mother happy.,The girl ate the cookies her mother baked.,The girl picked a flower for her mother.,effect,,2
Djevojka je htjela usrećiti svoju majku.,Djevojka je pojela kekse koje je njezina majka ispekla.,Djevojka je ubrala cvijet za svoju majku.,,,
The toddler started crying.,Her parents took away her toy.,Her parents gave her a toy.,effect,,2
Beba je počela plakati.,Njezini su joj roditelji uzeli igračku.,Njezini su joj roditelji dali igračku.,,,
The stranger cried out to me in a foreign language.,I stared blankly at him.,I stopped to chat with him.,effect,,1
Stranac mi je nešto doviknuo na nepoznatom jeziku.,Blijedo sam ga gledao.,Stao sam da porazgovaram s njim.,,,
The man uncovered incriminating evidence against his enemy.,The man avoided his enemy.,The man blackmailed his enemy.,effect,,2
Muškarac je otkrio inkriminirajuće dokaze o svojem neprijatelju.,Muškarac je izbjegavao svojeg neprijatelja.,Muškarac je ucjenjivao svojeg neprijatelja.,,,
The girl pushed herself off the top of the slide.,She glided down the slide.,She crawled up the slide.,effect,,1
Djevojčica se odgurnula s vrha tobogana.,Kliznula je niz tobogan.,Uspuzala se po toboganu.,,,
My jaw dropped open.,I was unhappy.,I was shocked.,cause,,2
Vilica mi se razjapila.,Bio sam nesretan.,Bio sam šokiran.,,,
The child disobeyed her parents.,Her parents hugged her.,Her parents punished her.,effect,,2
Djevojčica nije slušala svoje roditelje.,Njezini su je roditelji zagrlili.,Njezini su je roditelji kaznili.,,,
The car looked filthy.,The owner took it to the car wash.,He owner took it in for a paint job.,effect,,1
Automobil je izgledao prljavo.,Vlasnik ga je odvezao do autopraonice.,Vlasnik ga je odvezao na autolakiranje.,,,
My friend paid for my ticket.,I sought a refund.,I paid her back.,effect,,2
Prijateljica mi je platila ulaznicu.,Tražio sam povrat novca.,Vratio sam joj novac.,,,
The woman was wrongly convicted for the crime.,The jury was fair.,She was framed.,cause,,2
Žena je nepravedno osuđena za zločin.,Porota je bila poštena.,Bilo joj je smješteno.,,,
The girl applied the scissors to the paper.,The paper sliced apart.,The paper crinkled.,effect,,1
Djevojka je primijenila škare na papiru.,Papir se razrezao.,Papir se naborao.,,,
The woman visited her family.,She distrusted them.,She missed them.,cause,,2
Žena je posjetila svoju obitelj.,Nije joj vjerovala.,Nedostajala joj je.,,,
I burst into a fit of laughter.,My teeth began to chatter.,My eyes welled up with tears.,effect,,2
Spopao me napad smijeha.,Zubi su mi počeli zveketati.,Oči su mi se napunile suzama.,,,
The school principal implemented a dress code.,Students protested the decision.,Students were expelled from school.,effect,,1
Ravnatelj škole uveo je pravila oblačenja.,Učenici su se pobunili protiv te odluke.,Učenici su izbačeni iz škole.,,,
The balloon expanded.,I blew into it.,I pricked it.,cause,,1
Balon se proširio.,Puhnuo sam u njega.,Probo sam ga.,,,
I wanted to lighten the mood of the conversation.,I remained quiet.,I told a joke.,effect,,2
Htio sam podići atmosferu razgovora.,Ostao sam tiho.,Ispričao sam šalu.,,,
The man broke his toe.,He got a hole in his sock.,He dropped a hammer on his foot.,cause,,2
Muškarac je slomio nožni prst.,Napravila mu se rupa na čarapi.,Ispao mu je čekić na stopalo.,,,
The man had an attack of conscience.,He manipulated his friend.,He admitted his indiscretion.,effect,,2
Muškarac je imao napad grizodušja.,Izmanipulirao je svojeg prijatelja.,Priznao je svoju indiskreciju.,,,
A fistfight broke out in the hall of the school.,The principal suspended the students involved.,The principal called off classes for the day.,effect,,1
Tučnjava je izbila u školskom hodniku.,Ravnatelj je suspendirao učenike koji su sudjelovali.,Ravnatelj je otkazao predavanja za taj dan.,,,
The photo albums collected dust in the attic.,They remained untouched for years.,The family reminisced over the photos.,cause,,1
Fotoalbumi su skupljali prašinu na tavanu.,Bili su netaknuti godinama.,Obitelj se prisjećala uz fotografije.,,,
I got distracted from my conversation with the woman.,Everyone in the room was talking.,The woman was telling a funny story.,cause,,1
Ometen sam u razgovoru sa ženom.,Svi su u sobi govorili.,Žena je pričala smiješnu priču.,,,
I put coins in the washing machine at the laundromat.,The machine powered on.,I ran out of laundry detergent.,effect,,1
Stavio sam kovanice u perilicu rublja u praonici.,Perilica se uključila.,Ponestalo mi je deterdženta za rublje.,,,
The family postponed the barbeque.,The forecast called for storms.,It was a holiday weekend.,cause,,1
Obitelj je odgodila roštilj.,Na prognozi su najavljene oluje.,Bio je blagdanski vikend.,,,
Air leaked out of the beach ball.,It was inflated.,There was a hole in it.,cause,,2
Zrak je istjecao iz lopte za plažu.,Bila je napuhana.,Imala je rupu na sebi.,,,
Our group's conversation gradually lulled to silence.,I felt awkward.,I became enraged.,effect,,1
Razgovor u našoj skupini postupno je utihnuo.,Bilo mi je neugodno.,Razbjesnio sam se.,,,
I clenched the candy wrapper in my fist.,The wrapper crinkled.,The wrapper ripped.,effect,,1
Stisnuo sam omot bombona u šaci.,Omot se zgužvao.,Omot se razderao.,,,
The woman pressed down on the piano key.,A sound played.,The key got stuck.,effect,,1
Žena je pristisnula klavirsku tipku.,Čuo se zvuk.,Tipka je zapela.,,,
The girl met her favorite actor.,She went to see his new film.,She asked him for his autograph.,effect,,2
Djevojka je upoznala svojeg najdražeg glumca.,Otišla je vidjeti njegov novi film.,Tražila ga je autogram.,,,
The vehicles travelled slowly.,It was cloudy.,It was foggy.,cause,,2
Vozila su putovala sporo.,Bilo je oblačno.,Bilo je maglovito.,,,
The chandelier shattered on the floor.,The chandelier dropped from the ceiling.,The chandelier's lights flickered on and off.,cause,,1
Luster se razmrskao po podu.,Luster je pao sa stropa.,Svjetla lustera treperavo su se palila i gasila.,,,
The cat purred.,It scratched me.,I petted it.,cause,,2
Mačka je prela.,Ogrebla me.,Pomazio sam je.,,,
The boy pushed his sister.,His sister tattled on him.,They played hide and seek.,effect,,1
Dječak je gurnuo svoju sestru.,Sestra ga je cinkala.,Igrali su se skrivača.,,,
The man gained weight.,He got his suit altered.,He got his shoes shined.,effect,,1
Muškarac se udebljao.,Odnio je svoje odijelo na prekrajanje.,Odnio je svoje cipele na laštenje.,,,
The clouds looked dark.,I brought my laptop to work.,I brought my umbrella to work.,effect,,2
Oblaci su izgledali tamno.,Ponio sam prijenosno računalo na posao.,Ponio sam kišobran na posao.,,,
The engine of the airplane was faulty.,The airplane crashed.,The pilot made an error.,effect,,1
Motor zrakoplova bio je neispravan.,Zrakoplov se srušio.,Pilot je napravio pogrešku.,,,
Cars moved to the shoulder of the road.,The traffic light turned green.,A screaming ambulance approached.,cause,,2
Automobili su se pomaknuli u zaustavnu traku ceste.,Na semaforu se upalilo zeleno.,Prilazilo je treštavo vozilo hitne pomoći.,,,
The boy lost hold of the bar of soap.,The bar was slippery.,The bar emitted a fragrance.,cause,,1
Dječaku je sapun skliznuo iz ruke.,Sapun je bio sklizak.,Sapun je ispuštao miris.,,,
The button on my shirt fell off.,I sewed the button back on.,I glued the button back on.,effect,,1
Gumb na mojoj košulji je otpao.,Ponovno sam zašio gumb.,Ponovno sam zalijepio gumb.,,,
The celebrity wore sunglasses.,She wanted to thank her fans.,She wanted to avoid recognition.,cause,,2
Poznata ličnost nosila je sunčane naočale.,Htjela je zahvaliti svojim obožavateljima.,Htjela je izbjeći prepoznavanje.,,,
My grandmother passed away.,My family held a funeral.,My family held a reunion.,effect,,1
Moja je baka preminula.,Moja je obitelj održala sprovod.,Moja je obitelj održala okupljanje.,,,
The police officer pulled over the celebrity.,The celebrity offered the officer a bribe.,The celebrity sued the police officer.,effect,,1
Policijski je službenik zaustavio poznatu ličnost.,Poznata ličnost ponudila je službeniku mito.,Poznata ličnost tužila je policijskog službenika.,,,
The man revealed personal information to the therapist.,He trusted the therapist.,He disagreed with the therapist.,cause,,1
Muškarac je otkrio osobne informacije psihoterapeutu.,Vjerovao je psihoterapeutu.,Nije se slagao sa psihoterapeutom.,,,
The man fell unconscious.,The assailant struck the man in the head.,The assailant took the man's wallet.,cause,,1
Muškarac je pao u nesvijest.,Napadač je udario muškarca u glavu.,Napadač je uzeo muškarčev novčanik.,,,
I approached the man.,He looked busy.,He looked familiar.,cause,,2
Prišao sam muškarcu.,Izgledao je zauzeto.,Izgledao je poznato.,,,
The leader received praise.,He fought poverty.,He raised taxes.,cause,,1
Vođa je bio hvaljen.,Borio se protiv siromaštva.,Povisio je poreze.,,,
The man read the cartoon in the newspaper.,He sipped coffee.,He chuckled.,effect,,2
Muškarac je pročitao strip u novinama.,Pijucnuo je kave.,Zahihotao se.,,,
My mailbox was overflowing with letters.,The lid on the mailbox broke.,I went on vacation for two weeks.,cause,,2
Poštanski je sandučić bio pretrpan pismima.,Poklopac na poštanskom sandučiću se potrgao.,Otišao sam na odmor na dva tjedna.,,,
The bananas ripened.,We squeezed them.,We ate them.,effect,,2
Banane su sazrele.,Zgnječili smo ih.,Pojeli smo ih.,,,
The chef pressed down on the dough.,The dough crumbled.,The dough flattened.,effect,,2
Kuhar je pritisnuo tijesto.,Tijesto se smrvilo.,Tijesto se spljoštilo.,,,
The clay hardened.,The potter rolled the clay into a ball.,The potter put the clay in the oven.,cause,,2
Glina se stvrdnula.,Lončar je oblikovao glinu u kuglu.,Lončar je stavio glinu u peć.,,,
My feet were blistered.,I went hiking.,I went swimming.,cause,,1
Stopala su mi bila puna žuljeva.,Išao sam planinariti.,Išao sam plivati.,,,
The woman betrayed her friend.,Her friend sent her a greeting card.,Her friend cut off contact with her.,effect,,2
Žena je izdala svoju prijateljicu.,Njezina prijateljica poslala joj je čestitku. ,Njezina prijateljica prekinula je kontakt s njom.,,,
The man took notice of the woman.,He caught a whiff of her perfume.,He had his back turned to her.,cause,,1
Muškarac je zamijetio ženu.,Osjetio je miris njezina parfema.,Bio joj je okrenut leđima.,,,
The woman and her boyfriend got into a fight.,They stopped seeing each other.,They planned a vacation together.,effect,,1
Žena i njezin dečko posvađali su se.,Prestali su se viđati.,Isplanirali su zajednički odmor.,,,
The bully stuck his foot out in front of his classmate.,The bully picked up his classmate.,The bully's classmate tripped.,effect,,2
Nasilnik je podmetnuo nogu svojem kolegi iz razreda.,Nasilnik je podigao svojeg kolegu iz razreda.,Nasilnikov se kolega iz razreda popiknuo.,,,
The man wanted to get revenge on his enemy.,The man framed his enemy for a crime.,The man declared a truce with his enemy.,effect,,1
Muškarac se htio osvetiti svojem neprijatelju.,Muškarac je smjestio svojem neprijatelju krivnju za zločin.,Muškarac je proglasio primirje sa svojim neprijateljem.,,,
I drank a cup of coffee.,My yawning ceased.,I nodded off to sleep.,effect,,1
Popio sam šalicu kave.,Prestao sam zijevati.,Utonuo sam u san.,,,
The woman was mistaken for her sister.,The woman was close with her sister.,The woman looked like her sister.,cause,,2
Ženu su zamijenili za njezinu sestru.,Žena je bila bliska sa svojom sestrom.,Žena je nalikovala na svoju sestru.,,,
The man made an error in his calculations.,He checked his work.,His work was hasty.,cause,,2
Muškarac je pogriješio u svojim izračunima.,Provjerio je svoj postupak.,Njegov je postupak bio ishitren.,,,
The woman's eyeglasses fogged up.,She reclined by the pool.,She entered the sauna.,cause,,2
Ženine su se naočale zamaglile.,Zavalila se pored bazena.,Ušla je u saunu.,,,
The shopper wondered about the cost of the item.,He checked its price tag.,He decided to buy it.,effect,,1
Kupca je zanimala cijena artikla.,Provjerio je etiketu s cijenom.,Odlučio ga je kupiti.,,,
The host of the trivia show called on the contestant for an answer.,The contestant was in the lead.,The contestant rang the buzzer.,cause,,2
Voditelj kviza prozvao je natjecatelja da odgovori.,Natjecatelj je vodio.,Natjecatelj je pritisnuo zvono.,,,
The boy was afraid to go to bed.,He turned on his nightlight.,He watched a horror movie.,cause,,2
Dječak se bojao ići u krevet.,Upalio je svoju noćnu svjetiljku.,Gledao je film strave.,,,
The woman wanted to be a doctor.,She visited the hospital.,She went to medical school.,effect,,2
Žena je htjela postati liječnica.,Posjetila je bolnicu.,Krenula je na medicinski fakultet.,,,
The boy found the television show boring.,He recorded it.,He shut it off.,effect,,2
Dječaku je televizijska emisija bila dosadna.,Snimio ju je.,Isključio ju je.,,,
My daughter suffered an allergy attack.,I encouraged her to take deep breaths.,I took her to the emergency room.,effect,,2
Moja je kći doživjela alergijski napad.,Poticala sam je da duboko udiše.,Odvela sam je na hitnu.,,,
The boy had trouble buttoning his shirt.,He refused to wear the shirt.,He asked his mother for help.,effect,,2
Dječak je imao problema sa zakopčavanjem svoje košulje.,Nije htio nositi košulju.,Tražio je svoju majku da mu pomogne.,,,
I spit out my chewing gum.,I blew a bubble with the gum.,The gum lost its flavor.,cause,,2
Ispljunuo sam žvakaću gumu.,Napuhao sam balon od žvakaće gume.,Žvakaća guma izgubila je okus.,,,
The boy painted a picture for his mother.,His mother hung the picture on the wall.,His mother sold the picture to a gallery.,effect,,1
Dječak je naslikao sliku za svoju majku.,Njegova je majka objesila sliku na zid.,Njegova je majka prodala sliku galeriji.,,,
The competition ended.,The teams got pumped up.,The teams shook hands.,effect,,2
Natjecanje je završilo.,Ekipe su se zagrijale.,Ekipe su se rukovale.,,,
The girl politely declined the hamburger.,She was a vegetarian.,She liked fast food.,cause,,1
Djevojka je pristojno odbila hamburger.,Bila je vegetarijanka.,Voljela je brzu hranu.,,,
I scrubbed the stain on the floor.,I got rid of the stain.,I got dirt on the floor.,effect,,1
Izribao sam mrlju na podu.,Riješio sam se mrlje.,Zaprljao sam pod.,,,
The documents contained important information.,I paper clipped them together.,I kept them in a secure place.,effect,,2
Dokumenti su sadržavali važne informacije.,Spojio sam ih spajalicom.,Držao sam ih na sigurnom mjestu.,,,
The egg splattered.,I dropped it.,I boiled it.,cause,,1
Jaje se rasprsnulo.,Ispalo mi je.,Skuhao sam ga.,,,
The girl pushed her friend.,Her friend choked.,Her friend fell over.,effect,,2
Djevojka je gurnula svojeg prijatelja.,Njezin se prijatelj ugušio.,Njezin se prijatelj prevrnuo.,,,
A group of teenagers crashed the party.,The host of the party kicked them out.,The host of the party invited them in.,effect,,1
Skupina tinejdžera upala je na zabavu.,Organizator zabave izbacio ih je.,Organizator zabave pozvao ih je unutra.,,,
The man took a shower.,He was sweaty from working out.,He opened a new bar of soap.,cause,,1
Muškarac se istuširao.,Bio je znojan od vježbanja.,Otvorio je novi sapun.,,,
The screen on the laptop went black.,The laptop's warranty expired.,The laptop's battery died.,cause,,2
Zaslon na laptopu se zacrnio.,Jamstvo laptopa je isteklo.,Baterija laptopa se ispraznila.,,,
The book became a huge bestseller.,It was adapted into a movie.,The author faded into obscurity.,effect,,1
Knjiga je postala golema uspješnica.,Adaptirana je za film.,Autor je pao u zaborav.,,,
The man felt thankful to be alive.,He was cured of cancer.,His wife was diagnosed with cancer.,cause,,1
Muškarac je bio zahvalan što je živ.,Izliječen je od raka.,Njegovoj je ženi dijagnosticiran rak.,,,
The woman wrote a check to the gas company.,She preferred paying by cash.,She received her monthly bill.,cause,,2
Žena je napisala ček plinari.,Preferirala je plaćanje gotovinom.,Dobila je svoj mjesečni račun.,,,
The woman felt reluctant to switch careers.,She made a lot of money in her current occupation.,She endured a lot of stress in her current occupation.,cause,,1
Žena je oklijevala u promjeni karijere.,Zarađivala je mnogo novca na svojem trenutačnom poslu.,Podnosila je mnogo stresa na svojem trenutačnom poslu.,,,
The woman filed a restraining order against the man.,The man called her.,The man stalked her.,cause,,2
Žena je tražila zabranu prilaska za muškarca.,Muškarac ju je nazvao.,Muškarac ju je uhodio.,,,
The ocean tide was dangerous.,The swimmers put on more sunscreen.,The swimmers returned towards the shore.,effect,,2
Oceanska plima bila je opasna.,Plivači su nanijeli više kreme za sunčanje.,Plivači su se vratili prema obali.,,,
The woman refused a second beer.,She was the designated driver for the night.,She was familiar with the bartender.,cause,,1
Žena je odbila drugo pivo.,Bila je dežurna vozačica te večeri.,Poznavala je konobara.,,,
I ran out of breath.,I climbed several flights of stairs.,I read several chapters of the book.,cause,,1
Ostao sam bez daha.,Popeo sam se po nekoliko katova stepenica.,Pročitao sam nekoliko poglavlja knjige.,,,
The woman was deemed mentally ill.,She was sent to a psychiatric institution.,She sought a career as a psychiatrist.,effect,,1
Žena je proglašena psihički bolesnom.,Poslana je u psihijatrijsku ustanovu.,Željela je postati psihijatrica.,,,
The sun emerged from the clouds.,The woman glanced at her watch.,The woman took her sweater off.,effect,,2
Sunce je izbilo iza oblaka.,Žena je pogledala na sat.,Žena je skinula svoju vestu.,,,
The football coach lost his voice after the game.,He yelled whenever a player fumbled the ball.,He whistled whenever a player scored a touchdown.,cause,,1
Nogometni je trener izgubio glas nakon utakmice.,Vikao je svaki put kad bi igrač izgubio loptu.,Zviždao je svaki put kad bi igrač postigao zgoditak.,,,
The woman complimented the man.,He sneezed.,He blushed.,effect,,2
Žena je dala kompliment muškarcu.,Kihnuo je.,Zacrvenio se.,,,
I applied pressure to the cut on my arm.,It healed.,It stopped bleeding.,effect,,2
Pritisnuo sam porezotinu na svojoj ruci.,Zacijelila je.,Prestala je krvariti.,,,
The woman had an infection.,She took antibiotics.,She washed her hands.,effect,,1
Žena je imala infekciju.,Popila je antibiotike.,Oprala je ruke.,,,
The woman was summoned for jury duty.,She contacted her lawyer.,She cancelled her appointments.,effect,,2
Žena je pozvana da bude u poroti.,Kontaktirala je sa svojim odvjetnikom.,Otkazala je svoje obaveze.,,,
The woman fanned herself with her hand.,She installed the air conditioner in the room.,The air conditioner in the room broke.,cause,,2
Žena se hladila rukom.,Postavila je klima-uređaj u svoju sobu.,Klima-uređaj u sobi se pokvario.,,,
The doctors amputated the patient's leg.,It was badly bruised.,It was severely infected.,cause,,2
Liječnici su amputirali pacijentovu nogu.,Bila je gadno natučena.,Bila je teško inficirana.,,,
The girl stared at herself in the mirror.,She felt self-conscious.,The mirror was smudged.,cause,,1
Djevojka je zurila u sebe u ogledalu.,Osjećala se nesigurno.,Ogledalo je bilo zamrljano.,,,
The man was bitten by mosquitoes.,He went camping in the woods.,He fell asleep on his couch.,cause,,1
Muškarca su izgrizli komarci.,Otišao je kampirati u šumi.,Zaspao je na svojem dvosjedu.,,,
The woman presented her brother with a gift.,Her brother refused to accept the gift.,Her brother unwrapped the gift.,effect,,2
Žena je podarila svojem bratu poklon.,Njezin brat nije htio prihvatiti poklon.,Njezin je brat odmotao poklon.,,,
The administrator cleared her throat.,The meeting was postponed.,The meeting commenced.,effect,,2
Upraviteljica je pročistila grlo.,Sastanak je odgođen.,Sastanak je počeo.,,,
The children ran through the sprinkler.,They ate popsicles.,They were hot.,cause,,2
Djeca su protrčala kroz prskalicu.,Pojela su sladolede.,Bilo im je vruće.,,,
The man needed coins to fill the parking meter.,He searched under his car seats for loose change.,He begged people on the street for loose change.,effect,,1
Muškarcu su trebale kovanice da napuni parkirališni sat.,Potražio je sitniš ispod sjedala svojeg automobila.,Moljakao je ljude na ulici za sitniš.,,,
The customer thought the souvenir was overpriced.,The vender sold it to him.,He bargained with the vendor.,effect,,2
Kupac je mislio da je suvenir precijenjen.,Trgovac mu ga je prodao.,Cjenkao se s trgovcem.,,,
The scientist gained recognition.,She discovered a new species.,She received tenure at the university.,cause,,1
Znanstvenica je stekla priznanje.,Otkrila je novu vrstu.,Dobila je stalnu poziciju na fakultetu.,,,
The car stopped at the crosswalk.,The pedestrian crossed the road.,The pedestrian waited on the sidewalk.,effect,,1
Automobil se zaustavio na pješačkom prijelazu.,Pješak je prešao cestu.,Pješak je čekao na pločniku.,,,
The boy giggled uncontrollably.,His brother tickled him.,His brother kicked him.,cause,,1
Dječak se nekontrolirano hihotao.,Njegov ga je brat škakljao.,Njegov ga je brat udario nogom.,,,
My knees buckled on the stairs.,I caught myself on the railing.,The railing came loose from the wall.,effect,,1
Koljena su mi zaklecala na stepenicama.,Uhvatio sam se za rukohvat.,Rukohvat se odvojio od zida.,,,
I went to bed.,It was a clear night.,It was late.,cause,,2
Otišao sam u krevet.,Noć je bila vedra.,Bilo je kasno.,,,
My friend was recovering from surgery.,I dropped her off at the hospital.,I brought her a card and flowers.,effect,,2
Moja se prijateljica oporavljala od operacije.,Ostavio sam je u bolnici.,Donio sam joj čestitku i cvijeće.,,,
The DJ turned the music on.,People left the party.,People began to dance.,effect,,2
DJ je pustio glazbu.,Ljudi su otišli sa zabave.,Ljudi su počeli plesati.,,,
The security guard replayed the surveillance footage.,The surveillance camera was out of focus.,He noticed some suspicious activity.,cause,,2
Zaštitar je premotavao nadzorne snimke.,Nadzorna je kamera bila nefokusirana.,Primijetio je neke sumnjive aktivnosti.,,,
I lingered in bed upon awakening.,I was hungry.,It was Saturday.,cause,,2
Zadržao sam se u krevetu nakon buđenja.,Bio sam gladan.,Bila je subota.,,,
The man lifted the heavy box.,He put out his back.,He scratched his back.,effect,,1
Muškarac je podigao tešku kutiju.,Istegnuo si je leđa.,Počešao se po leđima.,,,
The woman's purse was missing.,It contained a lot of junk.,She left it unsupervised.,cause,,2
Ženina je torbica nestala.,Sadržavala je mnogo smeća.,Ostavila ju je bez nadzora.,,,
The woman suffered amnesia.,She had an allergic reaction.,She got into a car accident.,cause,,2
Žena je bolovala od amnezije.,Imala je alergijsku reakciju.,Imala je automobilsku nesreću.,,,
I needed to get cash.,I went to the bank.,I bought a wallet.,effect,,1
Trebala mi je gotovina.,Otišao sam u banku.,Kupio sam novčanik.,,,
The rider fell to the ground.,The bull bucked the rider.,The bull chased the rider.,cause,,1
Jahač je pao na zemlju.,Bik je zbacio jahača.,Bik je lovio jahača.,,,
The boy wanted to be muscular.,He lifted weights.,He played computer games.,effect,,1
Dječak je htio biti mišićav.,Dizao je utege.,Igrao je računalne igre.,,,
The scientist conducted an experiment.,She validated her theory.,She fabricated her data.,effect,,1
Znanstvenica je provela eksperiment.,Potvrdila je svoju teoriju.,Izmislila je podatke.,,,
The milk stayed cold.,It was pasteurized.,I stored it in the refrigerator.,cause,,2
Mlijeko je ostalo hladno.,Bilo je pasterizirano.,Spremio sam ga u hladnjak.,,,
The fussy baby calmed down.,The parents shook a rattle in front of the baby.,The parents picked out a name for the baby.,cause,,1
Nemirna beba se smirila.,Roditelji su mahali zvečkom ispred bebe.,Roditelji su odabrali ime za bebu.,,,
I put ice cubes in the hot soup.,The soup cooled down.,The soup became thick.,effect,,1
Stavio sam kocke leda u vruću juhu.,Juha se ohladila.,Juha se zgusnula.,,,
The girl shared her lunch with her friend.,Her friend forgot to bring his lunch.,Her friend sat next to her at lunch.,cause,,1
Djevojka je podijelila svoj ručak sa svojim prijateljem.,Njezin je prijatelj zaboravio ponijeti svoj ručak.,Njezin je prijatelj sjedio uz nju za ručkom.,,,
The police closed the investigation.,They apprehended the suspect.,The victim recovered.,cause,,1
Policija je zatvorila istragu.,Uhitila je osumnjičenika.,Žrtva se oporavila.,,,
The rain subsided.,I went for a walk.,I browsed the internet.,effect,,1
Kiša je prestala.,Otišao sam u šetnju.,Pretraživao sam internet.,,,
The cup of tea was scalding hot.,I blew on it.,I poured it out.,effect,,1
Šalica čaja bila je kipuća.,Puhao sam u nju.,Izlio sam je.,,,
The photograph faded.,It was fake.,It was old.,cause,,2
Fotografija je izblijedjela.,Bila je lažna.,Bila je stara.,,,
The boy got a black eye.,The bully mocked the boy.,The bully punched the boy.,cause,,2
Dječak je dobio modricu na oku.,Nasilnik se rugao dječaku.,Nasilnik je udario dječaka.,,,
I misplaced my wallet.,I retrieved my phone.,I retraced my steps.,effect,,2
Zametnuo sam svoj novčanik.,Izvadio sam svoj telefon.,Prisjetio sam se kuda sam se kretao.,,,
The hunter ran out of ammunition.,He reloaded the gun.,He aimed at the deer.,effect,,1
Lovcu je ponestalo streljiva.,Napunio je pušku.,Naciljao je jelena.,,,
Marine life diminished.,Boats sailed through the ocean.,Oil spilled into the ocean.,cause,,2
Morski je život osiromašio.,Brodovi su plovili oceanom.,Nafta se izlila u ocean.,,,
I ran the ice cube under warm water.,The ice cube stuck to my fingers.,The ice cube vanished.,effect,,2
Stavio sam kocku leda pod vruću vodu.,Kocka leda zalijepila mi se za prste.,Kocka leda je nestala.,,,
The customer came into the boutique.,She left her wallet at home.,The window display caught her eye.,cause,,2
Mušterija je ušla u butik.,Zaboravila je novčanik kod kuće.,Izlog joj je zapeo za oko.,,,
The man drank water with his meal.,His meal was cold.,His meal was spicy.,cause,,2
Muškarac je pio vodu uz jelo.,Jelo mu je bilo hladno.,Jelo mu je bilo ljuto.,,,
The woman stayed away from public places.,She was contagious.,She was intoxicated.,cause,,1
Žena je izbjegavala javna mjesta.,Bila je zarazna.,Bila je pijana.,,,
The putrid odor filled the room.,I clamped my hand over my nose.,I put the rubber gloves on.,effect,,1
Truli smrad ispunio je sobu.,Stavio sam ruku preko nosa.,Navukao sam gumene rukavice.,,,
The employee missed work.,Her family got in touch with her.,There was a death in her family.,cause,,2
Zaposlenica je izostala s posla.,Njezina je obitelj stupila u kontakt s njom.,Imala je smrt u obitelji.,,,
The magnet attracted the paperclip.,The paperclip dropped from the magnet.,The paperclip stuck to the magnet.,effect,,2
Magnet je privukao spajalicu.,Spajalica je pala s magneta.,Spajalica se primila za magnet.,,,
The gardener pulled the weeds.,The weeds came out of the soil.,The weeds produced seeds.,effect,,1
Vrtlar je iščupao korov.,Korov je izašao iz zemlje.,Korov je proizveo sjeme.,,,
We ordered a pizza.,The pizza was delivered.,The pizza got cold.,effect,,1
Naručili smo pizzu.,Pizza je dostavljena.,Pizza se ohladila.,,,
The teenager grew taller than his father.,He went through a growth spurt.,He joined the basketball team.,cause,,1
Tinejdžer je izrastao viši od svojeg oca.,Naglo je izrastao.,Priključio se košarkaškoj ekipi.,,,
The patient underwent the risky medical procedure.,The procedure was costly.,Specialists recommended the procedure.,cause,,2
Pacijent je podvrgnut rizičnom medicinskom zahvatu.,Zahvat je bio skup.,Specijalisti su preporučili taj zahvat.,,,
The man caught his shirtsleeve on the rungs of the fence.,He hopped the fence.,The sleeve ripped.,effect,,2
Muškarcu je rukav košulje zapeo za prečke ograde.,Preskočio je ogradu.,Rukav se poderao.,,,
The investigators deemed the man's death a suicide.,He left a note.,He had children.,cause,,1
Istražitelji su proglasili muškarčevu smrt samoubojstvom.,Ostavio je poruku.,Imao je djecu.,,,
The computer crashed.,I backed up my files.,I downloaded a virus.,cause,,2
Računalo se srušilo.,Napravio sam sigurnosnu kopiju svojih datoteka.,Preuzeo sam virus.,,,
The girl's mouth ached.,She lost a tooth.,She swallowed her gum.,cause,,1
Djevojku su boljela usta.,Izgubila je zub.,Progutala je žvakaću gumu.,,,
The room was dim.,I opened the blinds.,I washed the windows.,effect,,1
Soba je bila mračna.,Podigao sam rolete.,Oprao sam prozore.,,,
The father put his daughter in her stroller.,She learned to walk.,He was tired of carrying her.,cause,,2
Otac je stavio svoju kćer u kolica.,Naučila je hodati.,Umorio se od nošenja kćeri.,,,
The spy discovered the enemy's location.,The spy bugged the enemy's phone.,The spy was hired by the government.,cause,,1
Špijun je otkrio lokaciju neprijatelja.,Špijun je prisluškivao neprijateljev telefon.,Špijuna je angažirala vlada.,,,
The glasses on the table spilled.,The child drew on the table.,The child yanked the tablecloth.,cause,,2
Čaše na stolu prolile su se.,Dijete je crtalo po stolu.,Dijete je povuklo stolnjak.,,,
The water in the teapot started to boil.,The teapot cooled.,The teapot whistled.,effect,,2
Voda u čajniku počela je kuhati.,Čajnik se ohladio.,Čajnik je zviždao.,,,
The city re-elected the mayor.,The city cut its budget.,The mayor fulfilled his promises.,cause,,2
Grad je ponovno izabrao gradonačelnika.,Grad je smanjio svoj budžet.,Gradonačelnik je ispunio svoja obećanja.,,,
The woman exaggerated the details of the story.,She wanted attention.,She felt shy.,cause,,1
Žena je preuveličavala pojedinosti u priči.,Htjela je pozornost.,Osjećala se sramežljivo.,,,
The woman hit a midlife crisis.,She retired.,She went sky diving.,effect,,2
Žena je upala u krizu srednjih godina.,Otišla je u mirovinu.,Otišla je skakati s padobranom.,,,
The man went into denial about the tragedy.,He got over it easily.,He refused to talk about it.,effect,,2
Muškarac je poricao tragediju.,Lako ju je prebrodio.,Nije htio govoriti o njoj.,,,
The man grieved.,His wife criticized him.,His mother passed away.,cause,,2
Muškarac je žalovao.,Njegova ga je žena kritizirala.,Njegova je majka preminula.,,,
The girl had a phobia of dogs.,She rescued an abandoned dog.,She was bitten by a dog.,cause,,2
Djevojka je imala fobiju od pasa.,Spasila je napuštenog psa.,Ugrizao ju je pas.,,,
I made a resolution to eat a healthy diet.,I attended a yoga class.,I bought fruits and vegetables.,effect,,2
Odlučio sam hraniti se zdravo.,Otišao sam na sat joge.,Kupio sam voće i povrće.,,,
The patient went into a coma.,He suffered emotional trauma.,He suffered brain damage.,cause,,2
Pacijent je pao u komu.,Pretrpio je emocionalnu traumu.,Pretrpio je oštećenje mozga.,,,
The friends' dinnertime conversation turned to politics.,The conversation quieted down.,A debate erupted.,effect,,2
Razgovor uz večeru među prijateljima okrenuo se na politiku.,Razgovor se stišao.,Izbila je rasprava.,,,
The woman spotted her friend from across the room.,The woman waved.,The woman escaped.,cause,,1
Žena je primijetila svojeg prijatelja s druge strane prostorije.,Žena je mahnula.,Žena je pobjegla.,,,
The mother needed help looking after her children.,She sent the children to daycare.,She gave up custody of the children.,effect,,1
Majka je trebala pomoć s čuvanjem djece.,Poslala je djecu u vrtić.,Odrekla se skrbništva nad djecom.,,,
The driver honked her horn.,Another car swerved into her lane.,She made a right turn at the light.,cause,,1
Vozačica je pritisnula trubu.,Drugi je automobil naglo skrenuo u njezinu traku.,Skrenula je desno na semaforu.,,,
The man wanted to save money.,He withdrew money from his savings account.,He cut back on making frivolous purchases.,effect,,2
Muškarac je htio uštedjeti novac.,Podigao je novac sa štednog računa.,Smanjio je lakomisleno kupovanje.,,,
I put shoes on.,The floor contained broken glass.,The paint on the walls was wet.,cause,,1
Obuo sam cipele.,Na podu je bilo razbijeno staklo.,Boja na zidovima bila je mokra.,,,
The librarian located the book in the stacks.,I requested the librarian's help.,The book was checked out.,cause,,1
Knjižničar je pronašao knjigu na polici.,Pitao sam knjižničara za pomoć.,Knjiga je bila posuđena.,,,
The mother became eye level with her son.,She squatted down.,She held his hand.,cause,,1
Majka je došla u visinu očiju sa svojim sinom.,Čučnula je.,Primila ga je za ruku. ,,,
I packed up my belongings.,I was hunting for a new apartment.,I was moving out of my apartment.,cause,,2
Spakirao sam svoje stvari.,Tražio sam novi stan.,Iseljavao sam se iz svojeg stana.,,,
The boy mimicked his older brother.,The boy looked up to his older brother.,The boy wrestled with his older brother.,cause,,1
Dječak je oponašao svojeg starijeg brata.,Dječak se ugledao u svojeg starijeg brata.,Dječak se hrvao sa svojim starijim bratom.,,,
The girl desired her parent's approval.,She ran away from home.,She obeyed her parent's rules.,effect,,2
Djevojka je željela odobravanje svojih roditelja.,Pobjegla je od kuće.,Poštivala je pravila svojih roditelja.,,,
The truck crashed into the motorcycle on the bridge.,The motorcyclist died.,The bridge collapsed.,effect,,1
Kamion se sudario s motociklom na mostu.,Motociklist je poginuo.,Most se srušio.,,,
The retail shop shut down.,Its sales were lagging.,It renewed its lease.,cause,,1
Maloprodajna trgovina se zatvorila.,Prodaja joj je bila slaba.,Produžila je najam.,,,
The swimmer won the race.,She received a gold medal.,Her team lost the meet.,effect,,1
Plivačica je pobijedila u utrci.,Osvojila je zlatnu medalju.,Njezina je ekipa izgubila utrku.,,,
Air pollution in the city worsened.,Factories increased their production.,Factories shut down.,cause,,1
Zagađenje zraka u gradu pogoršalo se.,Tvornice su povećale proizvodnju.,Tvornice su se zatvorile.,,,
The mother scolded her daughter.,Her daughter burped at the kitchen table.,Her daughter set the kitchen table.,cause,,1
Majka je prekorila svoju kćer.,Kći je podrignula za kuhinjskim stolom.,Kći je postavila kuhinjski stol.,,,
I excused myself from the group.,I turned off my phone.,My phone rang.,cause,,2
Udaljio sam se od skupine.,Isključio sam svoj mobitel.,Zvonio mi je mobitel.,,,
The skier slipped on the slope.,She dropped her ski poles.,She hit a patch of ice.,cause,,2
Skijašica se poskliznula na skijalištu.,Ispali su joj skijaški štapovi.,Naišla je na poledicu.,,,
The print on the brochure was tiny.,The man put his glasses on.,The man retrieved a pen from his pocket.,effect,,1
Slova na brošuri bila su sitna.,Muškarac si je stavio naočale.,Muškarac je izvadio kemijsku olovku iz džepa.,,,
I flipped the light switch up and down.,The light faded.,The light flickered.,effect,,2
Dizao sam i spuštao prekidač za svjetlo.,Svjetlo se polako ugasilo.,Svjetlo je treperilo.,,,
The man's watch was broken.,He waited at the bus stop.,He asked a stranger for the time.,effect,,2
Muškarčev sat bio je pokvaren.,Čekao je na autobusnoj postaji.,Pitao je stranca koliko je sati.,,,
The soldiers were concealed in the brush.,They were armed with rifles.,They wore camouflage uniforms.,cause,,2
Vojnici su bili skriveni u grmlju.,Bili su naoružani puškama.,Nosili su maskirne uniforme.,,,